create database BDimovel;
use BDimovel;

CREATE TABLE faixa_imovel(

cd_faixa INTEGER NOT NULL PRIMARY KEY,
nm_faixa VARCHAR(100) NOT NULL,
vl_minimo DECIMAL(8,2) NOT NULL,
vl_maximo DECIMAL(8,2) NOT NULL


);

CREATE TABLE estado(

sg_estado VARCHAR(2) NOT NULL PRIMARY KEY,
nm_estado VARCHAR(100) NOT NULL

);

CREATE TABLE cidade(

cd_cidade INTEGER NOT NULL PRIMARY KEY,
nm_cidade VARCHAR(100) NOT NULL,
sg_estado VARCHAR(2) NOT NULL,
FOREIGN KEY(sg_estado)
REFERENCES estado(sg_estado)
);


CREATE TABLE bairro(

cd_bairro INTEGER NOT NULL PRIMARY KEY,
nm_bairro VARCHAR(100) NOT NULL,
sg_estado VARCHAR(2) NOT NULL,
cd_cidade INTEGER NOT NULL,
FOREIGN KEY(cd_cidade)
REFERENCES cidade(cd_cidade),
FOREIGN KEY(sg_estado)
REFERENCES estado(sg_estado)

);

CREATE TABLE compradores(

cd_comprador INTEGER NOT NULL PRIMARY KEY,
nm_comprador VARCHAR(100) NOT NULL,
nm_enderecoComprador VARCHAR(100) NOT NULL,
nr_cpfComprador INTEGER NOT NULL,
tel_comprador INTEGER NOT NULL,
cd_cidade INTEGER NOT NULL,
cd_bairro INTEGER NOT NULL,
sg_estado VARCHAR(2) NOT NULL,
FOREIGN KEY (cd_cidade)
REFERENCES cidade(cd_cidade),
FOREIGN KEY (cd_bairro)
REFERENCES bairro(cd_bairro),
FOREIGN KEY (sg_estado)
REFERENCES estado(sg_estado)

);

CREATE TABLE vendedor(

cd_vendedor INTEGER NOT NULL PRIMARY KEY,
nm_vendedor VARCHAR(100) NOT NULL,
nm_endereco VARCHAR(100) NOT NULL,
nr_cpfVendedor INTEGER NOT NULL,
tel_vendedor INTEGER NOT NULL,
data_nascVendedor DATE NOT NULL,
cd_cidade INTEGER NOT NULL,
cd_bairro INTEGER NOT NULL,
sg_estado VARCHAR(2) NOT NULL,
FOREIGN KEY (cd_cidade)
REFERENCES cidade(cd_cidade),
FOREIGN KEY (cd_bairro)
REFERENCES bairro(cd_bairro),
FOREIGN KEY (sg_estado)
REFERENCES estado(sg_estado)

);


CREATE TABLE imovel(

cd_imovel INTEGER NOT NULL PRIMARY KEY,
nm_endereco VARCHAR(100) NOT NULL,
nr_areautil DECIMAL(8,2) NOT NULL,
Nr_areatotal DECIMAL(8,2) NOT NULL,
vl_preco DECIMAL(10,2) NOT NULL,
st_vendido VARCHAR(100) NOT NULL,
data_lancto DATE NOT NULL,
cd_vendedor INTEGER NOT NULL,
cd_bairro INTEGER NOT NULL,
cd_cidade INTEGER NOT NULL,
cd_oferta INTEGER NOT NULL,
sg_estado VARCHAR(2) NOT NULL,
FOREIGN KEY (cd_vendedor)
REFERENCES vendedor(cd_vendedor),
FOREIGN KEY (cd_bairro)
REFERENCES bairro(cd_bairro),
FOREIGN KEY (sg_estado)
REFERENCES estado(sg_estado)

);

CREATE TABLE oferta(

cd_oferta INTEGER NOT NULL PRIMARY KEY,
vl_oferta DECIMAL(8,2) NOT NULL,
dt_oferta DATETIME NOT NULL,
cd_imovel INTEGER NOT NULL,
cd_comprador INTEGER NOT NULL,
FOREIGN KEY (cd_comprador)
REFERENCES compradores(cd_comprador)

);

ALTER TABLE oferta
ADD FOREIGN KEY (cd_imovel)
REFERENCES imovel(cd_imovel);

ALTER TABLE imovel
ADD FOREIGN KEY(cd_oferta)
REFERENCES oferta(cd_oferta);




INSERT INTO estado (sg_estado, nm_estado) VALUES 
	('AC', 'Acre'),
    ('AL', 'Alagoas'),
    ('AP', 'Amapá'),
    ('AM', 'Amazonas'),
    ('BA', 'Bahia'),
    ('CE', 'Ceará'),
    ('ES', 'Espírito Santo'),
    ('GO', 'Goiás'),
    ('MA', 'Maranhâo'),
    ('MT', 'Mato Grosso '),
    ('MS', 'Mato Grosso do Sul'),
    ('MG', 'Minas Gerais'),
    ('PA', 'Pará'),
    ('PB', 'Paraíba'),
    ('PR', 'Paraná'),
    ('PE', 'Pernambuco'),
    ('PI', 'Piauí'),
    ('RJ', 'Rio de Janeiro'),
    ('RN', 'Rio Grande do Norte'),
    ('RS', 'Rio Grande do Sul'),
    ('RO', 'Rondônia'),
    ('RR', 'Roraima'),
    ('SC', 'Santa Catarina'),
    ('SP', 'SãoPaulo'),
    ('SE', 'Sergipe'),
    ('TO', 'Tocantins'),
    ('DF', 'Distrito Federal');
    

    
INSERT INTO cidade (nm_cidade, sg_estado) VALUES
('Rio Branco', 'AC'),
('Cruzeiro do Sul', 'AC'),
('Sena Madureira', 'AC'),
('Maceió', 'AL'),
('Arapiraca', 'AL'),
('Rio Largo', 'AL'),
('Macapá', 'AP'),
('Santana', 'AP'),
('Laranjal do Jari', 'AP'),
('Manaus', 'AM'),
('Parintins','AM'),
('Itacoatiara', 'AM'),
('Salvador', 'BA'),
('Feira de Santana', 'BA'),
('Vitória da Conquista', 'BA'),
('Fortaleza', 'CE'),
('Caucaia', 'CE'),
('Juzeiro do Norte', 'CE'),
('Vitória', 'ES'),
('Serra', 'ES'),
('Vila Velha', 'ES'),
('Goiânia', 'GO'),
('Aparecida de Goiânia', 'GO'),
('Anápolis', 'GO'),
('São Luiz', 'MA'),
('Imperatriz', 'MA'),
('São José de Ribamar', 'MA'),
('Cuiabá', 'MT'),
('Várzea Grande', 'MT'),
('Rondonópolis', 'MT'),
('Campo Grande', 'MS'),
('Dourados', 'MS'),
('Três Lagoas', 'MS'),
('Belo Horizonte', 'MG'),
('Uberlândia', 'MG'),
('Contagem', 'MG'),
('Belém', 'PA'),
('Abaetetuba', 'PA'),
('Altamira', 'PA'),
('João Pessoa', 'PB'),
('Campina Grande', 'PB'),
('Santa Rina', 'PB'),
('Curitiba', 'PR'),
('Londrina', 'PR'),
('Maringá', 'PR'),
('Recife', 'PE'),
('Jaboatão dos Guararapes', 'PE'),
('Olinda', 'PE'),
('Teresina', 'PI'),
('Parnaíba', 'PI'),
('Picos', 'PI'),
('Rio de Janeiro', 'RJ'),
('São Gonçalo', 'RJ'),
('Duque de Caxias', 'RJ'),
('Natal', 'RN'),
('Mossoró', 'RN'),
('Parnamirim', 'RN'),
('Porto Alegre', 'RS'),
('Caxias do Sul', 'RS'),
('Canoas', 'RS'),
('Porto Velho', 'RO'),
('Ji-Paraná', 'RO'),
('Ariquemes', 'RO'),
('Boa Vista', 'RR'),
('Rorainópolis', 'RR'),
('Caracaraí', 'RR'),
('Florianópolis', 'SC'),
('JoinVille', 'SC'),
('Blumenau', 'SC'),
('São Paulo', 'SP'),
('Guarulhos', 'SP'),
('Campinas', 'SP'),
('Aracaju', 'SE'),
('Nossa Senhora do Socorro', 'SE'),
('Lagarto', 'SE'),
('Palmas', 'TO'),
('Araguaína', 'TO'),
('Gurupi', 'TO'),
('Brasília', 'DF'),
('Brazlândia', 'DF'),
('Candangolândia', 'DF');




INSERT INTO bairro(nm_bairro, sg_estado) VALUES
('Abraão Alab', 'AC'),
('Adalberto Aragão', 'AC'), 
('Aeroporto Velho', 'AC'),
('Alumínio', 'AC'),
('Tiro ao Alvo', 'AC'),
('Remanso', 'AC'),
('Ana Vieira', 'AC'),
('Bom Sucesso', 'AC'),
('Bosque', 'AC'),
('Antares', 'AL'),
('Barro Duro', 'AL'),
('Bom Parto', 'AL'),
('Alto Cruzeiro', 'AL'),
('Baixao', 'AL'),
('Baixa Grande', 'AL'),
('Alto do São Miguel', 'AL'),
('Antônio Lins de Souza', 'AL'),
('Brasil Novo', 'AL'),
('Buritizal', 'AP'),
('Cabralzinho', 'AP'),
('Central', 'AP'),
('Água Fria', 'AP'),
('Chora Menino', 'AP'),
('Imirim', 'AP'),
('Centro', 'AP'),
('Samaúma', 'AP'),
('Malvinas', 'AP'),
('Adrianópolis', 'AM'),
('Aleixo', 'AM'),
('Alfredo Nascimento', 'AM'),
('Itaúna II', 'AM'),
('Palmares', 'AM'),
('Itaúna I', 'AM'),
('Centro', 'AM'),
('Colônia', 'AM'),
('Iraci', 'AM'),
('Acupe', 'BA'),
('Aeroporto', 'BA'),
('Águas Claras', 'BA'),
('Sim', 'BA'),
('Tomba', 'BA'),
('Mangabeira', 'BA'),
('Alto Maron', 'BA'),
('Ayrton Senna', 'BA'),
('Bateias', 'BA'),
('Adelota', 'CE'),
('Meireles', 'CE'),
('Cocó', 'CE'),
('Açude', 'CE'),
('Alto de Garrote', 'CE'),
('Antônio Bezerra', 'CE'),
('Pirajá', 'CE'),
('Frei Damião', 'CE'),
('Salesianos', 'CE'),
('Jardim Camburi', 'ES'),
('Praia do Canto', 'ES'),
('Barro Vermelho', 'ES'),
('Porto Canoa', 'ES'),
('Bairro de Fátima', 'ES'),
('Laranjeiras', 'ES'),
('Alecrim', 'ES'),
('Alvorada', 'ES'),
('Araçás', 'ES'),
('Alto da Glória', 'GO'),
('Areião', 'GO'),
('Setor Bueno', 'GO'),
('Chacará Bela Vista', 'GO'),
('Chacará Santa Luiza', 'GO'),
('Chacará São Pedro', 'GO'),
('Cidade Universitária', 'GO'),
('Vila Formosa', 'GO'),
('Vila Jaiara', 'GO'),
('Maracanã', 'MA'),
('Cidade Olímpica', 'MA'),
('Conjunto São Raimundo', 'MA'),
('Água Boa', 'MA'),
('Alto Bonito', 'MA'),
('Asa Norte', 'MA'),
('Residencial Nova Aurora', 'MA'),
('Rio São João', 'MA'),
('Vila Sarney Filho', 'MA'),
('Centro-Sul', 'MT'),
('Centro-Norte', 'MT'),
('Dom Aquino', 'MT'),
('7 de Maio', 'MT'),
('24 de Dezembro', 'MT'),
('Água Limpa', 'MT'),
('Jd. Liberdade', 'MT'),
('Vila Aurora', 'MT'),
('Parque Residencial Universitário', 'MT'),
('Cabreuvá', 'MS'),
('Cachoeirinha', 'MS'),
('Carandá', 'MS'),
('Região Parque das Nações II', 'MS'),
('Região Vila Industrial', 'MS'),
('Região Canaã III', 'MS'),
('Alto Boa Vista', 'MS'),
('Jardim das Acácias', 'MS'),
('Jardim das Américas', 'MS'),
('Aarão Reis', 'MG'),
('Adalberto Ferraz', 'MG'),
('Aeroporto', 'MG'),
('Presidente Roosevelt', 'MG'),
('Jardim Brasília', 'MG'),
('São José', 'MG'),
('Água Branca', 'MG'),
('Área Industrial de Contagem I', 'MG'),
('Bela Vista', 'MG'),
('Aurá', 'PA'),
('Baia do Sol', 'PA'),
('Barreiro', 'PA'),
('Abaetetuba', 'PA'),
('Algodão', 'PA'),
('Algodoal', 'PA'),
('Aeroporto', 'PA'),
('Alberto Soares', 'PA'),
('Aparecida', 'PA'),
('Aeroclube', 'PB'),
('Água Fria', 'PB'),
('Altiplano', 'PB'),
('Bela Vista', 'PB'),
('Bodocongó', 'PB'),
('Centenário', 'PB'),
('Barra da Lagoa', 'PB'),
('Cachoeira do Bom Jesus', 'PB'),
('Campeche', 'PB'),
('Centro', 'PR'),
('Centro Cívidco', 'PR'),
('Batel', 'PR'),
('Cinco Conjunto', 'PR'),
('Centro Histórico', 'PR'),
('União da Vitória', 'PR'),
('Vila Operária', 'PR'),
('Maringá Velho', 'PR'),
('Jardim Alvorada', 'PR'),
('Aflitos', 'PE'),
('Afogados', 'PE'),
('Água Fria', 'PE'),
('Jaboatão', 'PE'),
('Cavaleiro', 'PE'),
('Curado', 'PE'),
('Águas Compridas', 'PE'),
('Aguazinha', 'PE'),
('Alto da Bondade', 'PE'),
('Jockey', 'PI'),
('Fátima', 'PI'),
('Horto', 'PI'),
('Alto Santa Maria', 'PI'),
('Bairro de Fátima', 'PI'),
('Bebedouro', 'PI'),
('Picos', 'PI'),
('Centro', 'PI'),
('São José', 'PI'),
('Bairro Imperial de São Cristóvão', 'RJ'),
('Benfica', 'RJ'),
('Caju', 'RJ'),
('Alcântara', 'RJ'),
('Anaia Grande', 'RJ'),
('Arsenal', 'RJ'),
('Campos Elíseos', 'RJ'),
('Centro', 'RJ'),
('Chácaras Rio-Petrópolis', 'RJ'),
('Nova Descoberta', 'RN'),
('Bom Pastor', 'RN'),
('Cidade Nova', 'RN'),
('Bairro Santo Antônio', 'RN'),
('Santa Helena', 'RN'),
('Independência', 'RN'),
('Emaús', 'RN'),
('Jardim Planalto', 'RN'),
('Liberdade', 'RN'),
('Auxiliadora', 'RS'),
('Azenha', 'RS'),
('Bela Vista', 'RS'),
('São Peregrino', 'RS'),
('Madureira', 'RS'),
('Altos do Juvenil', 'RS'),
('Brigadeira', 'RS'),
('Centro', 'RS'),
('Estãncia Velha', 'RS'),
('Aponiã', 'RO'),
('Pedrinhas', 'RO'),
('Agenor de Carvalho', 'RO'),
('Açai', 'RO'),
('Aeroporto', 'RO'),
('Alto Alegre', 'RO'),
('Jardim América', 'RO'),
('Setor Industrial', 'RO'),
('Bairro Marechal Rondon', 'RO'),
('Asa Branca', 'RR'),
('Alvorada', 'RR'),
('Professora Araceli Souto Maior', 'RR'),
('Andaraí', 'RR'),
('Campolandia', 'RR'),
('Cidade Nova', 'RR'),
('Centro', 'RR'),
('São Franscisco', 'RR'),
('Santa Luzia', 'RR'),
('Barra da Lagoa', 'SC'),
('Cachoeira do Bom Jesus', 'SC'),
('Campeche', 'SC'),
('Adhemar Garcia', 'SC'),
('América', 'SC'),
('Anita Garibaldi', 'SC'),
('Valparaíso', 'SC'),
('Velha Grande', 'SC'),
('Passo Manso', 'SC'),
('Pinheiros', 'SP'),
('Vila Nova Conceição', 'SP'),
('Barra Funda', 'SP'),
('Vila Galvão', 'SP'),
('Maia', 'SP'),
('Macedo', 'SP'),
('Bosque', 'SP'),
('Botafogo', 'SP'),
('Cambuí', 'SP'),
('Centro', 'SE'),
('Getúlio Vargas', 'SE'),
('Cirurgia', 'SE'),
('Parque dos Faróis', 'SE'),
('Taicoca de Dentro', 'SE'),
('Lamarão', 'SE'),
('Ademar Carvalho', 'SE'),
('Coqueiro de Biaxo', 'SE'),
('Jardim Campo Novo', 'SE'),
('Taquaralto', 'TO'),
('Jardim Aureny I', 'TO'),
('Jardim Taquari', 'TO'),
('Araguaína Sul', 'TO'),
('São João', 'TO'),
('Centro', 'TO'),
('Casego', 'TO'),
('Jardim Bouvelard', 'TO'),
('Jardim Guanabara', 'TO'),
('Asa Norte', 'DF'),
('Asa Sul', 'DF'),
('Lago Norte', 'DF'),
('Dois Irmaãos', 'DF'),
('Engenho Queimado', 'DF'),
('Barreiro', 'DF'),
('Ceilandia', 'DF'),
('Cidade Nova', 'DF'),
('Paranoá', 'DF');